<annotation>
	<folder>my-project-name</folder>
	<filename>003.jpg</filename>
	<path>/my-project-name/003.jpg</path>
	<source>
		<database>Unspecified</database>
	</source>
	<size>
		<width>500</width>
		<height>369</height>
		<depth>3</depth>
	</size>
	<object>
		<name>Ants</name>
		<pose>Unspecified</pose>
		<truncated>0</truncated>
		<difficult>0</difficult>
		<bndbox>
			<xmin>197</xmin>
			<ymin>128</ymin>
			<xmax>306</xmax>
			<ymax>205</ymax>
		</bndbox>
	</object>
	<object>
		<name>Ants</name>
		<pose>Unspecified</pose>
		<truncated>0</truncated>
		<difficult>0</difficult>
		<bndbox>
			<xmin>30</xmin>
			<ymin>206</ymin>
			<xmax>201</xmax>
			<ymax>357</ymax>
		</bndbox>
	</object>
	<object>
		<name>Ants</name>
		<pose>Unspecified</pose>
		<truncated>0</truncated>
		<difficult>0</difficult>
		<bndbox>
			<xmin>215</xmin>
			<ymin>234</ymin>
			<xmax>500</xmax>
			<ymax>352</ymax>
		</bndbox>
	</object>
</annotation>