<annotation>
	<folder>my-project-name</folder>
	<filename>013.jpg</filename>
	<path>/my-project-name/013.jpg</path>
	<source>
		<database>Unspecified</database>
	</source>
	<size>
		<width>500</width>
		<height>375</height>
		<depth>3</depth>
	</size>
	<object>
		<name>Ants</name>
		<pose>Unspecified</pose>
		<truncated>0</truncated>
		<difficult>0</difficult>
		<bndbox>
			<xmin>25</xmin>
			<ymin>73</ymin>
			<xmax>144</xmax>
			<ymax>168</ymax>
		</bndbox>
	</object>
	<object>
		<name>Ants</name>
		<pose>Unspecified</pose>
		<truncated>0</truncated>
		<difficult>0</difficult>
		<bndbox>
			<xmin>213</xmin>
			<ymin>132</ymin>
			<xmax>433</xmax>
			<ymax>310</ymax>
		</bndbox>
	</object>
</annotation>