<annotation>
	<folder>my-project-name</folder>
	<filename>014.jpg</filename>
	<path>/my-project-name/014.jpg</path>
	<source>
		<database>Unspecified</database>
	</source>
	<size>
		<width>500</width>
		<height>400</height>
		<depth>3</depth>
	</size>
	<object>
		<name>bees</name>
		<pose>Unspecified</pose>
		<truncated>0</truncated>
		<difficult>0</difficult>
		<bndbox>
			<xmin>13</xmin>
			<ymin>15</ymin>
			<xmax>257</xmax>
			<ymax>271</ymax>
		</bndbox>
	</object>
	<object>
		<name>bees</name>
		<pose>Unspecified</pose>
		<truncated>0</truncated>
		<difficult>0</difficult>
		<bndbox>
			<xmin>272</xmin>
			<ymin>12</ymin>
			<xmax>467</xmax>
			<ymax>309</ymax>
		</bndbox>
	</object>
</annotation>