<annotation>
	<folder>my-project-name</folder>
	<filename>015.jpg</filename>
	<path>/my-project-name/015.jpg</path>
	<source>
		<database>Unspecified</database>
	</source>
	<size>
		<width>500</width>
		<height>375</height>
		<depth>3</depth>
	</size>
	<object>
		<name>Ants</name>
		<pose>Unspecified</pose>
		<truncated>0</truncated>
		<difficult>0</difficult>
		<bndbox>
			<xmin>7</xmin>
			<ymin>190</ymin>
			<xmax>170</xmax>
			<ymax>289</ymax>
		</bndbox>
	</object>
	<object>
		<name>Ants</name>
		<pose>Unspecified</pose>
		<truncated>0</truncated>
		<difficult>0</difficult>
		<bndbox>
			<xmin>166</xmin>
			<ymin>134</ymin>
			<xmax>481</xmax>
			<ymax>220</ymax>
		</bndbox>
	</object>
</annotation>