<annotation>
	<folder>my-project-name</folder>
	<filename>023.jpg</filename>
	<path>/my-project-name/023.jpg</path>
	<source>
		<database>Unspecified</database>
	</source>
	<size>
		<width>415</width>
		<height>500</height>
		<depth>3</depth>
	</size>
	<object>
		<name>Ants</name>
		<pose>Unspecified</pose>
		<truncated>0</truncated>
		<difficult>0</difficult>
		<bndbox>
			<xmin>130</xmin>
			<ymin>243</ymin>
			<xmax>310</xmax>
			<ymax>375</ymax>
		</bndbox>
	</object>
	<object>
		<name>Ants</name>
		<pose>Unspecified</pose>
		<truncated>0</truncated>
		<difficult>0</difficult>
		<bndbox>
			<xmin>171</xmin>
			<ymin>84</ymin>
			<xmax>257</xmax>
			<ymax>172</ymax>
		</bndbox>
	</object>
</annotation>