<annotation>
	<folder>my-project-name</folder>
	<filename>042.jpg</filename>
	<path>/my-project-name/042.jpg</path>
	<source>
		<database>Unspecified</database>
	</source>
	<size>
		<width>500</width>
		<height>330</height>
		<depth>3</depth>
	</size>
	<object>
		<name>Ants</name>
		<pose>Unspecified</pose>
		<truncated>0</truncated>
		<difficult>0</difficult>
		<bndbox>
			<xmin>85</xmin>
			<ymin>80</ymin>
			<xmax>200</xmax>
			<ymax>265</ymax>
		</bndbox>
	</object>
	<object>
		<name>Ants</name>
		<pose>Unspecified</pose>
		<truncated>0</truncated>
		<difficult>0</difficult>
		<bndbox>
			<xmin>187</xmin>
			<ymin>66</ymin>
			<xmax>350</xmax>
			<ymax>246</ymax>
		</bndbox>
	</object>
</annotation>