<annotation>
	<folder>my-project-name</folder>
	<filename>073.jpg</filename>
	<path>/my-project-name/073.jpg</path>
	<source>
		<database>Unspecified</database>
	</source>
	<size>
		<width>399</width>
		<height>500</height>
		<depth>3</depth>
	</size>
	<object>
		<name>Ants</name>
		<pose>Unspecified</pose>
		<truncated>0</truncated>
		<difficult>0</difficult>
		<bndbox>
			<xmin>33</xmin>
			<ymin>47</ymin>
			<xmax>112</xmax>
			<ymax>112</ymax>
		</bndbox>
	</object>
	<object>
		<name>Ants</name>
		<pose>Unspecified</pose>
		<truncated>0</truncated>
		<difficult>0</difficult>
		<bndbox>
			<xmin>180</xmin>
			<ymin>33</ymin>
			<xmax>229</xmax>
			<ymax>100</ymax>
		</bndbox>
	</object>
	<object>
		<name>Ants</name>
		<pose>Unspecified</pose>
		<truncated>0</truncated>
		<difficult>0</difficult>
		<bndbox>
			<xmin>303</xmin>
			<ymin>159</ymin>
			<xmax>381</xmax>
			<ymax>242</ymax>
		</bndbox>
	</object>
	<object>
		<name>Ants</name>
		<pose>Unspecified</pose>
		<truncated>0</truncated>
		<difficult>0</difficult>
		<bndbox>
			<xmin>73</xmin>
			<ymin>248</ymin>
			<xmax>297</xmax>
			<ymax>444</ymax>
		</bndbox>
	</object>
	<object>
		<name>bees</name>
		<pose>Unspecified</pose>
		<truncated>0</truncated>
		<difficult>0</difficult>
		<bndbox>
			<xmin>130</xmin>
			<ymin>112</ymin>
			<xmax>249</xmax>
			<ymax>239</ymax>
		</bndbox>
	</object>
</annotation>