<annotation>
	<folder>my-project-name</folder>
	<filename>077.jpg</filename>
	<path>/my-project-name/077.jpg</path>
	<source>
		<database>Unspecified</database>
	</source>
	<size>
		<width>500</width>
		<height>333</height>
		<depth>3</depth>
	</size>
	<object>
		<name>Ants</name>
		<pose>Unspecified</pose>
		<truncated>0</truncated>
		<difficult>0</difficult>
		<bndbox>
			<xmin>3</xmin>
			<ymin>3</ymin>
			<xmax>222</xmax>
			<ymax>130</ymax>
		</bndbox>
	</object>
	<object>
		<name>Ants</name>
		<pose>Unspecified</pose>
		<truncated>0</truncated>
		<difficult>0</difficult>
		<bndbox>
			<xmin>385</xmin>
			<ymin>33</ymin>
			<xmax>495</xmax>
			<ymax>160</ymax>
		</bndbox>
	</object>
	<object>
		<name>Ants</name>
		<pose>Unspecified</pose>
		<truncated>0</truncated>
		<difficult>0</difficult>
		<bndbox>
			<xmin>228</xmin>
			<ymin>44</ymin>
			<xmax>377</xmax>
			<ymax>169</ymax>
		</bndbox>
	</object>
	<object>
		<name>Ants</name>
		<pose>Unspecified</pose>
		<truncated>0</truncated>
		<difficult>0</difficult>
		<bndbox>
			<xmin>99</xmin>
			<ymin>182</ymin>
			<xmax>317</xmax>
			<ymax>317</ymax>
		</bndbox>
	</object>
</annotation>