<annotation>
	<folder>my-project-name</folder>
	<filename>094.jpg</filename>
	<path>/my-project-name/094.jpg</path>
	<source>
		<database>Unspecified</database>
	</source>
	<size>
		<width>500</width>
		<height>343</height>
		<depth>3</depth>
	</size>
	<object>
		<name>bees</name>
		<pose>Unspecified</pose>
		<truncated>0</truncated>
		<difficult>0</difficult>
		<bndbox>
			<xmin>14</xmin>
			<ymin>71</ymin>
			<xmax>213</xmax>
			<ymax>265</ymax>
		</bndbox>
	</object>
	<object>
		<name>bees</name>
		<pose>Unspecified</pose>
		<truncated>0</truncated>
		<difficult>0</difficult>
		<bndbox>
			<xmin>245</xmin>
			<ymin>36</ymin>
			<xmax>472</xmax>
			<ymax>266</ymax>
		</bndbox>
	</object>
</annotation>