<annotation>
	<folder>my-project-name</folder>
	<filename>098.jpg</filename>
	<path>/my-project-name/098.jpg</path>
	<source>
		<database>Unspecified</database>
	</source>
	<size>
		<width>333</width>
		<height>500</height>
		<depth>3</depth>
	</size>
	<object>
		<name>Ants</name>
		<pose>Unspecified</pose>
		<truncated>0</truncated>
		<difficult>0</difficult>
		<bndbox>
			<xmin>119</xmin>
			<ymin>93</ymin>
			<xmax>229</xmax>
			<ymax>240</ymax>
		</bndbox>
	</object>
	<object>
		<name>Ants</name>
		<pose>Unspecified</pose>
		<truncated>0</truncated>
		<difficult>0</difficult>
		<bndbox>
			<xmin>153</xmin>
			<ymin>261</ymin>
			<xmax>248</xmax>
			<ymax>385</ymax>
		</bndbox>
	</object>
</annotation>