<annotation>
	<folder>my-project-name</folder>
	<filename>104.jpg</filename>
	<path>/my-project-name/104.jpg</path>
	<source>
		<database>Unspecified</database>
	</source>
	<size>
		<width>500</width>
		<height>333</height>
		<depth>3</depth>
	</size>
	<object>
		<name>Ants</name>
		<pose>Unspecified</pose>
		<truncated>0</truncated>
		<difficult>0</difficult>
		<bndbox>
			<xmin>61</xmin>
			<ymin>84</ymin>
			<xmax>496</xmax>
			<ymax>326</ymax>
		</bndbox>
	</object>
	<object>
		<name>Ants</name>
		<pose>Unspecified</pose>
		<truncated>0</truncated>
		<difficult>0</difficult>
		<bndbox>
			<xmin>0</xmin>
			<ymin>16</ymin>
			<xmax>400</xmax>
			<ymax>144</ymax>
		</bndbox>
	</object>
</annotation>