<annotation>
	<folder>my-project-name</folder>
	<filename>108.jpg</filename>
	<path>/my-project-name/108.jpg</path>
	<source>
		<database>Unspecified</database>
	</source>
	<size>
		<width>500</width>
		<height>400</height>
		<depth>3</depth>
	</size>
	<object>
		<name>Ants</name>
		<pose>Unspecified</pose>
		<truncated>0</truncated>
		<difficult>0</difficult>
		<bndbox>
			<xmin>98</xmin>
			<ymin>55</ymin>
			<xmax>180</xmax>
			<ymax>185</ymax>
		</bndbox>
	</object>
	<object>
		<name>Ants</name>
		<pose>Unspecified</pose>
		<truncated>0</truncated>
		<difficult>0</difficult>
		<bndbox>
			<xmin>203</xmin>
			<ymin>38</ymin>
			<xmax>307</xmax>
			<ymax>210</ymax>
		</bndbox>
	</object>
	<object>
		<name>Ants</name>
		<pose>Unspecified</pose>
		<truncated>0</truncated>
		<difficult>0</difficult>
		<bndbox>
			<xmin>324</xmin>
			<ymin>46</ymin>
			<xmax>450</xmax>
			<ymax>222</ymax>
		</bndbox>
	</object>
</annotation>