<annotation>
	<folder>my-project-name</folder>
	<filename>115.jpg</filename>
	<path>/my-project-name/115.jpg</path>
	<source>
		<database>Unspecified</database>
	</source>
	<size>
		<width>500</width>
		<height>375</height>
		<depth>3</depth>
	</size>
	<object>
		<name>Ants</name>
		<pose>Unspecified</pose>
		<truncated>0</truncated>
		<difficult>0</difficult>
		<bndbox>
			<xmin>163</xmin>
			<ymin>50</ymin>
			<xmax>327</xmax>
			<ymax>146</ymax>
		</bndbox>
	</object>
	<object>
		<name>Ants</name>
		<pose>Unspecified</pose>
		<truncated>0</truncated>
		<difficult>0</difficult>
		<bndbox>
			<xmin>152</xmin>
			<ymin>152</ymin>
			<xmax>347</xmax>
			<ymax>308</ymax>
		</bndbox>
	</object>
</annotation>