<annotation>
	<folder>my-project-name</folder>
	<filename>131.jpg</filename>
	<path>/my-project-name/131.jpg</path>
	<source>
		<database>Unspecified</database>
	</source>
	<size>
		<width>500</width>
		<height>375</height>
		<depth>3</depth>
	</size>
	<object>
		<name>Ants</name>
		<pose>Unspecified</pose>
		<truncated>0</truncated>
		<difficult>0</difficult>
		<bndbox>
			<xmin>185</xmin>
			<ymin>109</ymin>
			<xmax>277</xmax>
			<ymax>203</ymax>
		</bndbox>
	</object>
	<object>
		<name>Ants</name>
		<pose>Unspecified</pose>
		<truncated>0</truncated>
		<difficult>0</difficult>
		<bndbox>
			<xmin>173</xmin>
			<ymin>213</ymin>
			<xmax>322</xmax>
			<ymax>367</ymax>
		</bndbox>
	</object>
	<object>
		<name>Ants</name>
		<pose>Unspecified</pose>
		<truncated>0</truncated>
		<difficult>0</difficult>
		<bndbox>
			<xmin>246</xmin>
			<ymin>8</ymin>
			<xmax>343</xmax>
			<ymax>114</ymax>
		</bndbox>
	</object>
</annotation>