<annotation>
	<folder>my-project-name</folder>
	<filename>135.jpg</filename>
	<path>/my-project-name/135.jpg</path>
	<source>
		<database>Unspecified</database>
	</source>
	<size>
		<width>375</width>
		<height>500</height>
		<depth>3</depth>
	</size>
	<object>
		<name>Ants</name>
		<pose>Unspecified</pose>
		<truncated>0</truncated>
		<difficult>0</difficult>
		<bndbox>
			<xmin>91</xmin>
			<ymin>228</ymin>
			<xmax>164</xmax>
			<ymax>339</ymax>
		</bndbox>
	</object>
	<object>
		<name>Ants</name>
		<pose>Unspecified</pose>
		<truncated>0</truncated>
		<difficult>0</difficult>
		<bndbox>
			<xmin>166</xmin>
			<ymin>7</ymin>
			<xmax>287</xmax>
			<ymax>158</ymax>
		</bndbox>
	</object>
</annotation>