<annotation>
	<folder>my-project-name</folder>
	<filename>137.jpg</filename>
	<path>/my-project-name/137.jpg</path>
	<source>
		<database>Unspecified</database>
	</source>
	<size>
		<width>500</width>
		<height>375</height>
		<depth>3</depth>
	</size>
	<object>
		<name>Ants</name>
		<pose>Unspecified</pose>
		<truncated>0</truncated>
		<difficult>0</difficult>
		<bndbox>
			<xmin>197</xmin>
			<ymin>139</ymin>
			<xmax>281</xmax>
			<ymax>224</ymax>
		</bndbox>
	</object>
	<object>
		<name>Ants</name>
		<pose>Unspecified</pose>
		<truncated>0</truncated>
		<difficult>0</difficult>
		<bndbox>
			<xmin>318</xmin>
			<ymin>106</ymin>
			<xmax>401</xmax>
			<ymax>183</ymax>
		</bndbox>
	</object>
</annotation>