<annotation>
	<folder>my-project-name</folder>
	<filename>144.jpg</filename>
	<path>/my-project-name/144.jpg</path>
	<source>
		<database>Unspecified</database>
	</source>
	<size>
		<width>464</width>
		<height>500</height>
		<depth>3</depth>
	</size>
	<object>
		<name>bees</name>
		<pose>Unspecified</pose>
		<truncated>0</truncated>
		<difficult>0</difficult>
		<bndbox>
			<xmin>191</xmin>
			<ymin>38</ymin>
			<xmax>311</xmax>
			<ymax>157</ymax>
		</bndbox>
	</object>
	<object>
		<name>bees</name>
		<pose>Unspecified</pose>
		<truncated>0</truncated>
		<difficult>0</difficult>
		<bndbox>
			<xmin>296</xmin>
			<ymin>141</ymin>
			<xmax>418</xmax>
			<ymax>334</ymax>
		</bndbox>
	</object>
	<object>
		<name>bees</name>
		<pose>Unspecified</pose>
		<truncated>0</truncated>
		<difficult>0</difficult>
		<bndbox>
			<xmin>191</xmin>
			<ymin>315</ymin>
			<xmax>357</xmax>
			<ymax>456</ymax>
		</bndbox>
	</object>
	<object>
		<name>bees</name>
		<pose>Unspecified</pose>
		<truncated>0</truncated>
		<difficult>0</difficult>
		<bndbox>
			<xmin>84</xmin>
			<ymin>140</ymin>
			<xmax>246</xmax>
			<ymax>277</ymax>
		</bndbox>
	</object>
	<object>
		<name>bees</name>
		<pose>Unspecified</pose>
		<truncated>0</truncated>
		<difficult>0</difficult>
		<bndbox>
			<xmin>52</xmin>
			<ymin>306</ymin>
			<xmax>156</xmax>
			<ymax>436</ymax>
		</bndbox>
	</object>
	<object>
		<name>bees</name>
		<pose>Unspecified</pose>
		<truncated>0</truncated>
		<difficult>0</difficult>
		<bndbox>
			<xmin>181</xmin>
			<ymin>243</ymin>
			<xmax>296</xmax>
			<ymax>323</ymax>
		</bndbox>
	</object>
</annotation>