<annotation>
	<folder>my-project-name</folder>
	<filename>145.jpg</filename>
	<path>/my-project-name/145.jpg</path>
	<source>
		<database>Unspecified</database>
	</source>
	<size>
		<width>500</width>
		<height>335</height>
		<depth>3</depth>
	</size>
	<object>
		<name>Ants</name>
		<pose>Unspecified</pose>
		<truncated>0</truncated>
		<difficult>0</difficult>
		<bndbox>
			<xmin>96</xmin>
			<ymin>34</ymin>
			<xmax>245</xmax>
			<ymax>153</ymax>
		</bndbox>
	</object>
	<object>
		<name>Ants</name>
		<pose>Unspecified</pose>
		<truncated>0</truncated>
		<difficult>0</difficult>
		<bndbox>
			<xmin>297</xmin>
			<ymin>150</ymin>
			<xmax>393</xmax>
			<ymax>245</ymax>
		</bndbox>
	</object>
</annotation>