<annotation>
	<folder>my-project-name</folder>
	<filename>146.jpg</filename>
	<path>/my-project-name/146.jpg</path>
	<source>
		<database>Unspecified</database>
	</source>
	<size>
		<width>500</width>
		<height>321</height>
		<depth>3</depth>
	</size>
	<object>
		<name>Ants</name>
		<pose>Unspecified</pose>
		<truncated>0</truncated>
		<difficult>0</difficult>
		<bndbox>
			<xmin>94</xmin>
			<ymin>89</ymin>
			<xmax>248</xmax>
			<ymax>239</ymax>
		</bndbox>
	</object>
	<object>
		<name>Ants</name>
		<pose>Unspecified</pose>
		<truncated>0</truncated>
		<difficult>0</difficult>
		<bndbox>
			<xmin>256</xmin>
			<ymin>80</ymin>
			<xmax>413</xmax>
			<ymax>257</ymax>
		</bndbox>
	</object>
</annotation>