<annotation>
	<folder>my-project-name</folder>
	<filename>163.jpg</filename>
	<path>/my-project-name/163.jpg</path>
	<source>
		<database>Unspecified</database>
	</source>
	<size>
		<width>500</width>
		<height>375</height>
		<depth>3</depth>
	</size>
	<object>
		<name>Ants</name>
		<pose>Unspecified</pose>
		<truncated>0</truncated>
		<difficult>0</difficult>
		<bndbox>
			<xmin>16</xmin>
			<ymin>48</ymin>
			<xmax>230</xmax>
			<ymax>239</ymax>
		</bndbox>
	</object>
	<object>
		<name>Ants</name>
		<pose>Unspecified</pose>
		<truncated>0</truncated>
		<difficult>0</difficult>
		<bndbox>
			<xmin>241</xmin>
			<ymin>48</ymin>
			<xmax>494</xmax>
			<ymax>274</ymax>
		</bndbox>
	</object>
</annotation>