<annotation>
	<folder>my-project-name</folder>
	<filename>164.jpg</filename>
	<path>/my-project-name/164.jpg</path>
	<source>
		<database>Unspecified</database>
	</source>
	<size>
		<width>500</width>
		<height>423</height>
		<depth>3</depth>
	</size>
	<object>
		<name>Ants</name>
		<pose>Unspecified</pose>
		<truncated>0</truncated>
		<difficult>0</difficult>
		<bndbox>
			<xmin>8</xmin>
			<ymin>129</ymin>
			<xmax>148</xmax>
			<ymax>347</ymax>
		</bndbox>
	</object>
	<object>
		<name>Ants</name>
		<pose>Unspecified</pose>
		<truncated>0</truncated>
		<difficult>0</difficult>
		<bndbox>
			<xmin>165</xmin>
			<ymin>181</ymin>
			<xmax>327</xmax>
			<ymax>378</ymax>
		</bndbox>
	</object>
	<object>
		<name>Ants</name>
		<pose>Unspecified</pose>
		<truncated>0</truncated>
		<difficult>0</difficult>
		<bndbox>
			<xmin>251</xmin>
			<ymin>11</ymin>
			<xmax>499</xmax>
			<ymax>186</ymax>
		</bndbox>
	</object>
</annotation>