<annotation>
	<folder>my-project-name</folder>
	<filename>218.jpg</filename>
	<path>/my-project-name/218.jpg</path>
	<source>
		<database>Unspecified</database>
	</source>
	<size>
		<width>500</width>
		<height>375</height>
		<depth>3</depth>
	</size>
	<object>
		<name>bees</name>
		<pose>Unspecified</pose>
		<truncated>0</truncated>
		<difficult>0</difficult>
		<bndbox>
			<xmin>136</xmin>
			<ymin>152</ymin>
			<xmax>206</xmax>
			<ymax>228</ymax>
		</bndbox>
	</object>
	<object>
		<name>bees</name>
		<pose>Unspecified</pose>
		<truncated>0</truncated>
		<difficult>0</difficult>
		<bndbox>
			<xmin>355</xmin>
			<ymin>163</ymin>
			<xmax>431</xmax>
			<ymax>253</ymax>
		</bndbox>
	</object>
</annotation>