<annotation>
	<folder>my-project-name</folder>
	<filename>225.jpg</filename>
	<path>/my-project-name/225.jpg</path>
	<source>
		<database>Unspecified</database>
	</source>
	<size>
		<width>500</width>
		<height>470</height>
		<depth>3</depth>
	</size>
	<object>
		<name>bees</name>
		<pose>Unspecified</pose>
		<truncated>0</truncated>
		<difficult>0</difficult>
		<bndbox>
			<xmin>163</xmin>
			<ymin>128</ymin>
			<xmax>341</xmax>
			<ymax>325</ymax>
		</bndbox>
	</object>
	<object>
		<name>bees</name>
		<pose>Unspecified</pose>
		<truncated>0</truncated>
		<difficult>0</difficult>
		<bndbox>
			<xmin>360</xmin>
			<ymin>12</ymin>
			<xmax>455</xmax>
			<ymax>116</ymax>
		</bndbox>
	</object>
</annotation>