<annotation>
	<folder>my-project-name</folder>
	<filename>228.jpg</filename>
	<path>/my-project-name/228.jpg</path>
	<source>
		<database>Unspecified</database>
	</source>
	<size>
		<width>500</width>
		<height>375</height>
		<depth>3</depth>
	</size>
	<object>
		<name>bees</name>
		<pose>Unspecified</pose>
		<truncated>0</truncated>
		<difficult>0</difficult>
		<bndbox>
			<xmin>110</xmin>
			<ymin>20</ymin>
			<xmax>277</xmax>
			<ymax>115</ymax>
		</bndbox>
	</object>
	<object>
		<name>bees</name>
		<pose>Unspecified</pose>
		<truncated>0</truncated>
		<difficult>0</difficult>
		<bndbox>
			<xmin>169</xmin>
			<ymin>124</ymin>
			<xmax>292</xmax>
			<ymax>236</ymax>
		</bndbox>
	</object>
	<object>
		<name>bees</name>
		<pose>Unspecified</pose>
		<truncated>0</truncated>
		<difficult>0</difficult>
		<bndbox>
			<xmin>25</xmin>
			<ymin>158</ymin>
			<xmax>182</xmax>
			<ymax>253</ymax>
		</bndbox>
	</object>
</annotation>