<annotation>
	<folder>my-project-name</folder>
	<filename>233.jpg</filename>
	<path>/my-project-name/233.jpg</path>
	<source>
		<database>Unspecified</database>
	</source>
	<size>
		<width>199</width>
		<height>272</height>
		<depth>3</depth>
	</size>
	<object>
		<name>Ants</name>
		<pose>Unspecified</pose>
		<truncated>0</truncated>
		<difficult>0</difficult>
		<bndbox>
			<xmin>4</xmin>
			<ymin>32</ymin>
			<xmax>62</xmax>
			<ymax>120</ymax>
		</bndbox>
	</object>
	<object>
		<name>Ants</name>
		<pose>Unspecified</pose>
		<truncated>0</truncated>
		<difficult>0</difficult>
		<bndbox>
			<xmin>71</xmin>
			<ymin>91</ymin>
			<xmax>185</xmax>
			<ymax>265</ymax>
		</bndbox>
	</object>
	<object>
		<name>Ants</name>
		<pose>Unspecified</pose>
		<truncated>0</truncated>
		<difficult>0</difficult>
		<bndbox>
			<xmin>2</xmin>
			<ymin>201</ymin>
			<xmax>67</xmax>
			<ymax>272</ymax>
		</bndbox>
	</object>
</annotation>